Coin Name,Total # Commits,Total # Contributors,One Month # Commits,One Month # Contributors,One Month Closed/New,# Devs with >10% Commits,% Commits from Top Dev,Telegram Members in Top Group,Reddit Members,Exchanges Listed,"# of Top 5 Exchanges (Binance, Bithumb, Bitfinex, OKEx, Bittrex)",One Month Return,One Year Return,Market Cap,Market Cap / Reddit Members,Market Cap / Telegram Members,# of Hashtag Tweets (30 days),# of News Mentions (30 days),Google Search Score (Avg 1 Year) - compared to Bitcoin ,Reddit Readers,Twitter Followers
Bitcoin,"15,951",504,100,27,2.50,0,9.63%,"30,791","697,401",47,5,-44.90%,12204.75%,"$190,352,398,477.72","$272,945.41","$6,182,079.13",210700,97700,21,"684,092","713,000"
Ethereum,,,,,,,,"8,065","296,617",44,5,38.63%,9934.28%,"$10,300,976,513.00","$34,728.21","$1,277,244.45",129300,30200,3,"287,580","329,000"
Ripple,"11,590",58,27,10,0.80,3,36.61%,"50,789","168,173",19,5,28.16%,20098.93%,"$51,141,091,991.00","$304,098.11","$1,006,932.45",123700,21300,3,"164,394","706,000"
Litecoin,"14,767",465,5,12,1.75,1,10.15%,"24,118","180,619",41,5,-34.38%,4731.55%,"$9,923,518,339.00","$54,941.72","$411,456.93",64400,9100,1,"178,128","625,000"
Monero,"5,356",139,25,5,1.42,1,27.41%,"6,808","101,977",14,5,-13.96%,2537.35%,"$4,893,445,689.00","$47,985.78","$718,778.74",16000,3600,0.31,"98,076","242,000"
Stellar,"3,806",38,18,7,0.93,2,26.41%,"8,395","63,145",6,3,160.88%,27545.04%,"$10,758,477,852.00","$170,377.35","$1,281,533.99",36800,379,0.02,"57,812","174,000"
NEO,355,18,10,4,2.67,0,2.25%,"10,781","71,120",13,4,128.66%,113400.82%,"$9,079,525,000.00","$127,664.86","$842,178.37",19300,4200,0.02,"68,245","245,000"
Cardano,"12,893",52,136,31,0.65,1,16.69%,"11,053","49,016",3,2,50.12%,3307.25%,"$16,641,497,641.00","$339,511.54","$1,505,609.12",33100,1700,0.19,"46,528","54,700"
EOS,"2,624",56,328,23,0.80,0,8.99%,"28,019","28,640",15,4,71.02%,1298.06%,"$9,036,164,877.00","$315,508.55","$322,501.33",5400,435,0,"27,218","88,200"
Bitcoin Cash,,,,,,,,"5,548","28,870",40,5,-44.83%,201.44%,"$27,947,513,796.00","$968,046.89","$5,037,403.35",16900,7900,0.54,"28,257","86,500"
Verge,1019,43,239,32,3.43,2,16.78%,"27,480",44964,8,2,-51.97%,513111.11%,"$1,340,790,909.00","$29,819.21","$48,791.52",59300,158,0.08,"43,700","229,000"
Dogecoin,"8,647",298,2,5,1.10,1,12.43%,"2,177","107,378",19,1,-17.55%,3651.47%,"$864,149,520.00","$8,047.73","$396,945.12",5700,2400,0.23,"105,663","201,000"
IOTA,,,,,,,,"10,948",103324,3,2,-33.52%,278.44%,"$6,726,213,127.00","$65,098.26","$614,378.25",18600,2900,0.84,"101,614","95,100"
Qtum,"14,355",426,11,5,0.20,0,9.94%,"12,523","11,199",18,5,-30.89%,536.09%,"$3,006,016,347.00","$268,418.28","$240,039.63",2700,842,0,"10,716","121,000"
Dash,"13,659",382,11,10,0.78,0,9.91%,"5,782","19,150",25,3,-32.02%,5493.75%,"$6,314,844,100.00","$329,756.87","$1,092,155.67",26800,161,0,"18,895","255,000"
Siacoin,"8,286",45,65,7,5.55,2,38.31%,"7,888","29,102",4,1,22.67%,11284.50%,"$1,222,412,091.00","$42,004.40","$154,971.11",4200,371,0.08,"28,211","86,900"
Zcash,"11,004",364,21,9,1.12,1,10.61%,"1,837","11,044",22,4,-17.04%,106961.27%,"$1,477,235,803.00","$133,759.13","$804,156.67",4800,3200,0.13,"10,820","58,600"
Ethereum Classic,,,,,,,,"4,915","14,200",24,4,-11.44%,2044.03%,"$2,855,634,847.00","$201,101.05","$581,004.04",7900,1300,0,"13,749","158,000"
Lisk,"5,300",35,473,17,3.16,2,40.19%,"2,593","25,298",11,2,-10.50%,14593.72%,"$2,523,583,544.00","$99,754.27","$973,229.29",2000,631,0,"24,785","187,000"
Status,"2,174",109,128,34,0.89,1,24.15%,"2,492","5,162",10,3,114.89%,373.66%,"$1,015,491,320.00","$196,724.39","$407,500.53",847,81,0,"5,080","76,600"
Augur,"11,181",25,199,6,0.00,2,35.10%,"1,351","7,277",12,2,-2%,1876.04%,"$943,338,000.00","$129,632.82","$698,251.67",1200,1100,0,"7,092","98,500"
Waves,"6,448",30,86,8,1.40,3,16.25%,"9,979","7,706",10,2,-36.01%,3549.24%,"$882,809,000.00","$114,561.25","$88,466.68",5200,100,0,"7,543","95,500"
Raiblocks,"2,456",26,110,24,0.36,1,85.50%,"12,051","50,065",3,0,94.22%,197134.80%,"$2,147,496,053.00","$42,894.16","$178,200.65",13000,246,0.06,"46,945","65,100"
NEM,,,,,,,,"8,800","15,267",11,1,-8.44%,18016.83%,"$7,681,355,999.00","$503,134.60","$872,881.36",29300,141,3,"14,858","164,000"
BitShares,"5,212",79,78,20,2.29,2,42.75%,"8,684","6,335",6,1,-19.90%,11810.59%,"$1,196,296,806.00","$188,839.27","$137,758.73",49700,1800,0,"6,170","66,400"
Digibyte,"13,102",420,0,0,0.2,1,10.74%,"12,366","15,616",11,1,-12.50%,21060.55%,"$528,340,458.00","$33,833.28","$42,725.25",10900,211,0,"15,206","126,000"
ICON,43,8,0,0,0,3,16.28%,"15,279","10,828",5,1,34.35%,1841.70%,"$3,018,340,224.00","$278,753.25","$197,548.28",5100,348,0,"9,081","44,900"
Stratis,"1,480",36,74,14,1.85,3,16.35%,"4,186","9,911",7,2,-2.42%,16606.27%,"$1,395,203,084.00","$140,773.19","$333,302.22",4500,415,0,"9,728","121,000"
OmiseGo,,,,,,,,"10,373","30,329",17,3,9.84%,2968.83%,"$1,674,834,606.00","$55,222.22","$161,460.97",891,340,0,"29,487","209,000"
Bitcoin Gold,"15,033",476,16,5,0.36,0,9.97%,"4,575",3451,16,5,-41.41%,-64.43%,"$3,019,345,538.00","$874,919.02","$659,966.24",12600,3100,0.21,"1,042","61,600"
Decred,"3,579",83,14,4,2.00,2,46.80%,"2,202","6,719",6,1,-5.32%,6136.62%,"$587,391,618.00","$87,422.48","$266,753.69",1400,428,0,"6,503","33,800"
0x,"2,741",13,231,13,1,2,53.12%,4122,"8,850",13,2,197.86%,1475.30%,"$882,375,217.00","$99,703.41",N/A,1900,2800,0,"8,357","78,000"
Steem,"2,165",35,0,7,1.17,3,33.90%,"1,258","2,521",3,1,86.20%,3946.67%,"$1,488,382,825.00","$590,393.82","$1,183,134.20",1500,850,0,"2,521","77,100"
Bytecoin,88,5,0,0,0.05,0,5.68%,"6,689","9,563",3,0,20.34%,14805.66%,"$1,297,679,957","$135,698","$194,002",7200,317,0.06,"9,563","29,300"
Tron,318,23,213,26,0.73,2,13.52%,"15,913","56,809",12,2,76.78%,3250.00%,"$4,416,779,476","$77,748","$277,558",256200,46400,0.12,"56,809","229,000"
VeChain,,,,,,,,"14,260","33,611",10,1,420.55%,3066.67%,"$3,528,653,978","$104,985","$247,451",10000,1700,0.06,"33,611","99,800"
Walton,,,,,,,,"5,060","4,192",5,1,245.30%,3466.98%,"$949,850,552","$226,586","$187,718",4200,38,0,4192,37900
Maker,598,15,2,2,1,3,21.57%,0,"2,560",2,0,70.37%,6487.24%,"$899,954,165","$351,545",N/A,812,31,0,2560,"4,483"
Veritaseum,38,1,0,0,1,1,100%,739,0,3,0,5.49%,659.03%,"$757,839,842",N/A,"$1,025,494",790,81,0,0,"6,966"
Hshare,157,4,28,6,0.2,2,32.48%,398,141,10,2,-34.18%,-9.76%,"$769,085,070","$5,454,504","$1,932,375",9400,128,0,141,"8,833"
Electroneum,"4,484",116,0,0,0.19,1,25.83%,"23,286","14,482",1,0,35.55%,10.90%,"$728,849,769","$50,328","$31,300",9700,458,0.17,"14,482","94,700"
KuCoin Shares,,,,,,,,"4,254","8,315",1,0,504.84%,849.37%,"$681,392,783","$81,947","$160,177",9400,98,0,"8,315",
Komodo,"14,649",361,0,2,1,1,18.30%,"1,380","5,137",5,2,-36.49%,5685.83%,"$696,629,438","$135,610","$504,804",9000,38,0,"5,137","78,300"
Ark,"1,808",16,3,3,1,2,76.49%,"3,440","4,241",5,2,-5.29%,21311.04%,"$678,787,881","$160,054","$197,322",10200,64,0,"4,241","55,400"
Populous,"1,077",23,0,0,0.86,1,66.48%,"1,989",308,5,1,26.70%,1639.15%,"$1,838,038,121","$5,967,656","$924,102",5100,31,0,308,15700
IOStoken,,,,,,,,"51,688",780,3,2,310.63%,310.63%,"$677,346,262","$868,393",$17,4700,91,0,780,"85,200"
RChain,250,13,1,17,4,1,13.20%,"1,082","1,392",2,1,240.74%,868.42%,"$625,032,744","$449,018","$577,664",2600,66,0,"1,392","6,464"
Loopring,449,12,28,6,4,2,26.06%,"2,123","3,495",6,1,237.50%,815.25%,"$605,249,810","$173,176","$285,092",3000,117,0,"3,495","18,900"
Binance Coin,,,,,,,,"5,016","38,634",2,1,90.16%,11326.09%,"$1,312,994,950","$33,985","$261,761",7600,133,0.08,"38,634",
Ardor,6,1,6,1,0.25,1,100%,"1,582","5,922",3,1,-31.29%,5233.33%,"$1,106,871,460","$186,908","$699,666",330,50,0,"5,922","62,800"
Tether,,,,,,,,0,1847,3,0,-2.94%,-1.00%,"$1,618,980,773","$876,546",,8100,56,0,1847,"17,500"
